env_id,episode,total_reward
SchoolA,9,36.045212861285684
SchoolB,9,36.94134156761107
SchoolC,9,25.170396351214876
SchoolD,9,20.275270333382938
