env_id,episode,total_reward
SchoolA,9,42.531924425986304
SchoolB,9,38.655418912738966
SchoolC,9,28.89168242181272
SchoolD,9,25.314965078324384
